"Natural gas total consumption, million cubic feet",,,,,,,,,,,,,,,,,,,,,,,,,,,,,,,,,,,,,,,,,,,,,,,,,,,,,,,,,,,,,,,,,,,,,,,,,,,,,,,,,,,
,,,,,,,,,,,,,,,,,,,,,,,,,,,,,,,,,,,,,,,,,,,,,,,,,,,,,,,,,,,,,,,,,,,,,,,,,,,,,,,,,,,
State,1960,1961,1962,1963,1964,1965,1966,1967,1968,1969,1970,1971,1972,1973,1974,1975,1976,1977,1978,1979,1980,1981,1982,1983,1984,1985,1986,1987,1988,1989,1990,1991,1992,1993,1994,1995,1996,1997,1998,1999,2000,2001,2002,2003,2004,2005,2006,2007,2008,2009,2010,2011,2012,2013,2014,2015,2016,2017,,,,,,,,,,,,,,,,,,,,,,,,,
AK,"1,965","2,222","3,911","5,506","6,738","7,594","12,282","11,889","17,548","42,726","63,726","67,706","74,658","63,073","62,874","84,751","90,121","116,278","145,025","157,236","153,345","121,727","237,881","239,200","257,524","212,765","206,453","249,268","287,648","321,529","342,585","367,217","383,121","378,240","367,225","430,231","448,110","425,394","434,871","422,817","427,289","408,960","419,131","414,234","406,318","432,972","373,849","369,966","341,887","342,259","333,312","335,458","343,110","332,299","328,945","333,603","330,552","347,733",,,,,,,,,,,,,,,,,,,,,,,,,
AL,"184,257","185,056","194,444","205,792","222,098","229,158","233,064","254,176","287,212","300,892","298,497","285,973","278,467","272,068","274,761","264,088","225,979","241,237","237,258","283,435","269,240","271,280","240,957","221,582","231,998","219,455","202,923","207,757","236,355","246,207","245,342","254,933","280,275","293,856","290,604","323,032","326,992","324,163","329,139","337,276","353,620","332,693","379,343","350,345","382,368","353,156","391,093","418,512","404,156","454,456","534,779","598,514","666,713","615,407","635,323","681,148","694,881","661,666",,,,,,,,,,,,,,,,,,,,,,,,,
AR,"214,688","208,030","227,514","252,846","278,018","277,384","289,343","295,460","321,569","349,990","381,951","333,644","316,375","327,803","290,393","258,220","248,941","229,558","220,699","250,747","273,720","264,787","226,941","206,966","210,022","195,633","199,197","169,626","216,835","249,641","232,374","209,125","224,577","229,469","241,866","252,747","268,022","260,118","266,492","252,862","251,339","227,943","242,325","246,916","215,124","213,609","233,869","226,440","234,900","244,192","271,515","284,077","296,130","282,120","268,445","291,006","309,732","311,692",,,,,,,,,,,,,,,,,,,,,,,,,
AZ,"135,531","153,713","157,933","157,412","162,440","154,334","162,126","158,766","176,547","195,476","192,996","213,313","227,909","214,323","192,446","156,222","171,275","167,092","175,041","172,738","165,850","182,533","135,031","115,233","121,150","130,776","101,249","117,187","124,366","145,642","126,726","125,052","129,749","114,941","136,059","123,618","123,902","134,759","158,550","165,291","205,466","240,812","250,734","272,921","349,622","321,584","358,068","392,954","399,188","369,739","330,913","288,802","332,070","332,073","306,714","351,263","360,575","322,746",,,,,,,,,,,,,,,,,,,,,,,,,
CA,"1,257,803","1,352,825","1,433,259","1,518,587","1,696,770","1,689,854","1,849,165","1,911,132","2,046,080","2,048,534","2,126,466","2,149,264","2,185,543","2,045,627","1,834,413","1,832,849","1,756,611","1,772,041","1,563,172","1,810,381","1,807,731","1,858,178","1,682,718","1,535,031","1,669,706","1,846,078","1,531,323","1,934,909","1,804,453","1,974,778","2,036,436","2,150,229","2,229,480","2,136,208","2,282,284","2,076,728","1,955,116","2,146,394","2,310,113","2,339,781","2,509,130","2,464,565","2,273,192","2,269,405","2,406,889","2,248,256","2,315,720","2,395,674","2,405,264","2,328,504","2,273,129","2,153,188","2,403,494","2,415,572","2,339,392","2,301,217","2,172,888","2,114,646",,,,,,,,,,,,,,,,,,,,,,,,,
CO,"188,370","203,741","195,469","198,641","228,565","224,214","227,484","231,508","256,820","272,437","282,328","289,369","309,703","324,007","313,056","307,772","302,284","282,215","267,838","292,272","256,363","211,780","224,991","213,812","229,646","218,942","197,846","210,148","227,585","247,129","246,523","267,989","260,373","291,708","278,971","290,458","315,248","314,517","330,293","333,127","367,967","463,738","459,397","436,254","440,378","470,321","450,832","504,775","504,784","523,726","501,351","466,680","443,750","467,798","478,986","466,907","441,019","437,806",,,,,,,,,,,,,,,,,,,,,,,,,
CT,"28,453","30,361","32,227","34,809","37,502","40,822","47,695","49,780","53,202","57,485","60,574","61,434","64,008","62,609","66,343","64,011","65,855","64,068","65,191","67,957","72,583","76,829","78,246","74,427","81,138","78,215","78,902","91,843","88,130","98,651","105,476","112,351","122,737","122,580","130,489","140,989","135,361","144,715","131,505","152,248","159,723","146,278","177,587","154,075","162,642","168,067","172,682","180,181","166,800","185,055","199,426","230,035","229,156","234,475","235,859","254,065","247,957","239,624",,,,,,,,,,,,,,,,,,,,,,,,,
DC,"12,513","13,257","14,244","14,961","15,884","16,909","17,198","21,409","22,463","24,686","25,986","27,227","28,520","27,815","27,232","25,899","28,696","25,799","26,133","29,655","27,868","29,023","29,280","29,340","29,449","28,902","29,587","30,988","32,719","33,423","28,864","31,101","32,956","33,093","30,849","33,003","33,908","34,110","30,413","32,286","33,474","29,802","32,898","32,814","32,227","32,085","29,049","32,966","31,881","33,178","33,251","32,863","28,561","32,743","33,847","32,236","28,888","30,181",,,,,,,,,,,,,,,,,,,,,,,,,
DE,"9,035","9,380","14,492","16,378","17,091","17,969","19,045","21,063","24,059","25,863","26,421","26,452","24,088","22,949","20,365","18,603","19,182","15,787","20,626","24,981","29,797","30,643","27,833","34,884","42,963","38,493","33,009","36,704","29,258","34,923","39,127","41,948","39,608","41,612","48,646","60,676","54,043","46,513","40,812","56,016","48,391","50,113","52,216","46,177","48,057","46,904","43,190","48,155","48,162","50,148","54,826","79,717","101,676","95,979","101,380","102,693","108,562","98,949",,,,,,,,,,,,,,,,,,,,,,,,,
FL,"138,068","143,859","157,336","174,894","182,128","184,830","212,289","225,531","273,524","311,885","336,816","336,721","298,977","311,498","289,551","280,095","289,017","302,344","318,344","344,177","316,588","337,557","324,807","306,307","303,309","289,706","288,541","300,338","293,434","323,591","327,894","344,129","353,800","349,820","391,107","560,803","534,424","522,138","503,867","559,394","541,943","543,143","689,337","689,986","734,179","778,209","891,611","917,245","942,700","1,055,341","1,158,451","1,217,688","1,328,463","1,225,677","1,214,530","1,345,790","1,382,559","1,384,968",,,,,,,,,,,,,,,,,,,,,,,,,
GA,"182,087","179,957","192,638","187,600","206,691","211,321","233,291","254,334","283,115","311,543","332,526","342,579","331,143","348,089","330,339","326,559","261,320","264,665","278,272","312,299","315,201","316,613","294,651","295,531","307,325","281,805","279,082","303,420","323,030","317,602","311,016","323,066","342,965","350,724","341,771","373,800","384,666","371,690","368,612","337,994","413,887","351,109","383,546","379,761","394,986","412,560","420,469","441,107","425,042","462,798","530,031","522,898","615,772","625,283","652,407","694,400","706,688","688,561",,,,,,,,,,,,,,,,,,,,,,,,,
HI,0,0,0,0,0,0,0,0,0,0,0,0,0,0,0,0,0,0,0,0,"3,131","2,899","2,804","2,669","2,376","2,483","2,462","2,610","2,612","2,694","2,788","2,694","2,695","2,681","2,778","2,773","2,672","2,611","2,654","2,735","2,841","2,818","2,734","2,732","2,774","2,795","2,783","2,850","2,701","2,608","2,627","2,618","2,689","2,854","2,916","2,924","3,040","3,105",,,,,,,,,,,,,,,,,,,,,,,,,
IA,"187,138","204,663","213,552","219,005","243,634","247,513","239,478","272,850","297,498","318,341","348,662","344,639","344,516","364,640","367,595","345,798","311,425","280,246","238,229","291,521","269,581","253,231","237,089","220,517","234,845","225,903","206,902","203,063","239,127","225,740","218,864","233,938","231,602","248,060","248,465","261,198","272,377","254,499","232,067","230,702","232,573","224,336","226,457","230,161","226,819","241,340","238,454","293,274","325,772","315,186","311,075","306,909","295,183","326,139","329,383","317,821","330,093","391,125",,,,,,,,,,,,,,,,,,,,,,,,,
ID,"22,006","23,969","25,806","26,635","30,825","33,889","36,104","34,283","39,479","41,436","46,570","50,096","56,630","56,045","53,057","60,451","47,156","45,537","44,210","54,237","49,047","44,960","39,971","35,179","38,604","39,194","34,721","37,148","40,736","45,671","45,512","51,056","48,915","56,160","56,906","63,774","67,176","68,672","69,280","70,675","72,701","80,279","71,481","69,868","75,335","74,540","75,709","81,937","88,515","85,198","83,326","82,544","89,004","104,784","92,045","104,729","106,304","111,448",,,,,,,,,,,,,,,,,,,,,,,,,
IL,"517,997","557,054","602,932","641,000","715,850","756,717","840,872","948,353","994,404","1,085,392","1,173,878","1,229,277","1,207,289","1,150,266","1,149,394","1,095,115","1,175,235","1,167,099","1,174,934","1,142,732","1,089,720","1,061,957","994,179","938,340","1,032,778","962,039","924,280","873,437","965,388","995,531","939,519","987,711","993,597","1,031,429","1,025,117","1,078,108","1,119,254","1,077,188","957,277","1,004,320","1,030,645","951,616","1,049,880","998,487","953,207","969,642","893,998","965,591","1,000,501","956,066","966,679","986,866","940,367","1,056,825","1,093,929","993,548","1,024,185","1,018,128",,,,,,,,,,,,,,,,,,,,,,,,,
IN,"212,327","239,877","272,252","297,815","333,685","357,860","399,896","434,632","454,013","530,981","545,368","566,996","576,948","542,300","531,872","477,341","425,221","398,268","440,955","504,185","489,254","496,349","467,842","426,770","452,284","432,958","395,181","412,589","456,813","462,053","450,955","457,311","483,495","517,777","519,261","535,211","573,208","556,642","521,767","556,956","570,585","501,711","539,034","527,037","526,701","531,111","496,303","535,795","551,423","506,943","573,866","630,669","649,920","672,751","713,417","718,724","754,277","720,499",,,,,,,,,,,,,,,,,,,,,,,,,
KS,"361,028","351,710","361,030","369,236","393,668","443,017","483,997","450,963","496,550","547,227","575,694","606,989","628,109","604,460","587,013","498,727","515,197","506,910","519,346","584,236","488,338","428,130","400,920","346,204","363,671","355,467","312,680","328,064","352,923","341,289","352,998","370,557","343,217","391,604","416,385","367,016","362,370","338,231","326,674","302,932","312,369","272,500","304,992","281,346","256,779","255,123","264,253","286,538","282,904","286,972","275,184","279,724","262,315","283,177","284,651","270,938","267,315","269,477",,,,,,,,,,,,,,,,,,,,,,,,,
KY,"148,606","151,042","158,286","166,036","174,943","171,920","148,651","192,464","196,807","234,882","248,048","244,360","255,208","245,472","228,003","207,539","245,967","219,521","212,913","218,689","202,284","199,445","188,536","174,306","189,256","172,510","167,173","171,910","184,079","188,520","184,334","187,443","189,890","203,310","208,402","224,068","236,470","227,935","205,134","218,404","225,174","208,975","227,920","223,226","225,470","234,080","211,048","229,798","225,295","206,833","232,099","223,034","225,924","229,983","255,435","270,958","271,846","283,905",,,,,,,,,,,,,,,,,,,,,,,,,
LA,"969,827","1,028,609","1,014,784","1,090,602","1,144,233","1,109,836","1,202,314","1,394,376","1,521,492","1,762,955","1,840,840","1,883,924","1,939,762","2,009,859","2,008,364","1,788,588","2,043,705","2,190,848","2,249,172","1,978,382","1,794,007","1,781,716","1,556,052","1,412,983","1,594,347","1,386,365","1,438,564","1,500,679","1,445,704","1,555,981","1,587,996","1,525,087","1,551,245","1,578,619","1,585,591","1,678,509","1,616,445","1,661,066","1,569,196","1,495,484","1,536,732","1,311,809","1,431,099","1,311,220","1,349,942","1,313,637","1,297,389","1,383,580","1,323,501","1,278,197","1,448,441","1,507,505","1,562,992","1,478,918","1,507,016","1,555,799","1,678,472","1,680,548",,,,,,,,,,,,,,,,,,,,,,,,,
MA,"77,886","81,768","89,015","98,447","106,699","114,227","116,198","128,217","132,325","136,988","147,307","156,451","160,280","155,547","155,268","153,967","156,247","160,343","160,503","156,459","182,587","184,575","195,107","191,815","208,758","218,884","186,350","226,820","210,975","251,434","263,882","273,179","332,168","337,790","371,626","381,722","377,206","402,696","358,855","344,801","343,324","349,103","393,194","403,991","372,532","378,068","370,664","408,704","406,719","395,852","432,298","449,195","416,349","421,000","421,671","444,331","427,946","449,302",,,,,,,,,,,,,,,,,,,,,,,,,
MD,"70,836","73,932","81,928","86,495","91,867","98,516","100,220","118,444","126,662","144,258","156,149","161,144","176,402","174,146","172,099","140,033","147,576","133,039","135,562","171,929","160,244","175,289","157,990","145,628","158,991","150,838","152,541","168,552","172,901","193,426","175,672","178,223","184,915","181,899","186,242","194,154","196,049","211,985","188,563","196,363","212,147","178,376","196,276","197,024","194,725","202,509","182,294","201,053","196,069","196,510","212,019","193,986","208,947","197,357","207,102","215,006","219,023","222,673",,,,,,,,,,,,,,,,,,,,,,,,,
ME,0,0,0,0,0,0,509,756,796,"1,107","1,299","1,458","1,536","1,639","1,617","1,930","2,034","1,999","2,115","2,162","2,268","2,326","2,691","2,424","2,450","2,531","2,472","2,641","3,197","3,918","4,549","4,971","5,265","5,119","5,196","5,546","5,790","6,412","5,716","6,572","44,779","95,733","121,540","70,832","86,136","61,673","64,035","63,183","70,145","70,334","77,575","71,691","68,267","64,091","60,663","52,778","53,128","43,813",,,,,,,,,,,,,,,,,,,,,,,,,
MI,"370,029","408,292","443,651","464,924","499,289","555,782","616,305","686,095","700,538","776,573","809,124","850,562","864,770","920,351","936,043","884,184","888,035","741,295","789,594","875,726","865,137","800,873","748,141","696,455","718,104","709,232","671,323","657,396","749,225","777,234","879,499","887,514","959,982","918,675","911,822","976,124","1,026,867","994,259","876,459","951,161","963,155","906,000","966,354","924,819","916,629","913,827","803,336","798,126","779,603","735,341","746,749","776,466","790,643","814,634","861,755","844,801","890,325","871,345",,,,,,,,,,,,,,,,,,,,,,,,,
MN,"179,827","192,584","214,130","219,047","236,976","248,741","264,488","283,086","311,898","325,687","342,322","351,442","351,408","360,811","351,644","331,186","320,156","293,381","313,229","334,202","285,846","266,282","262,039","240,777","255,638","257,480","244,773","239,991","283,840","299,886","290,665","314,476","308,821","327,982","323,822","353,099","368,388","354,066","330,518","344,596","362,031","340,911","371,583","371,261","359,898","367,825","352,570","388,335","425,351","394,134","422,968","420,770","422,263","467,873","474,520","431,315","449,783","451,696",,,,,,,,,,,,,,,,,,,,,,,,,
MO,"260,941","274,487","289,482","303,075","325,194","341,144","351,768","360,703","365,546","398,697","429,526","429,105","425,215","426,807","409,884","369,620","380,258","366,970","358,905","347,257","318,450","283,514","279,449","258,560","264,954","259,900","241,660","231,941","252,923","252,527","238,709","256,329","240,745","279,562","266,536","279,106","293,974","283,284","258,658","265,806","284,772","283,793","275,628","262,529","263,945","268,040","252,697","272,536","296,059","264,867","280,180","272,583","255,875","276,967","297,086","267,673","267,171","262,131",,,,,,,,,,,,,,,,,,,,,,,,,
MS,"181,521","184,146","192,648","218,138","242,056","243,563","278,376","282,160","311,891","326,165","360,382","378,321","377,986","313,992","276,199","230,053","199,122","197,689","203,719","254,366","263,530","242,987","269,131","237,859","268,560","226,663","214,824","208,582","212,779","225,625","253,554","249,761","239,442","230,020","257,714","287,892","269,387","255,522","241,343","306,734","300,653","332,590","343,890","265,842","282,050","301,664","307,305","364,068","355,007","364,323","438,733","433,538","494,018","420,594","427,585","521,355","544,464","526,883",,,,,,,,,,,,,,,,,,,,,,,,,
MT,"55,689","59,241","63,459","66,566","69,417","70,724","72,044","65,038","62,898","78,283","87,791","88,271","84,322","90,230","79,909","79,520","74,371","70,956","72,649","69,805","60,724","52,452","52,208","46,249","46,864","47,265","41,148","38,786","41,826","45,756","43,169","45,402","45,567","53,305","52,065","57,836","61,408","59,844","59,842","62,133","67,959","65,052","69,532","68,473","66,829","68,355","73,879","73,822","76,422","75,801","72,024","78,218","73,399","79,669","78,110","75,042","75,038","79,975",,,,,,,,,,,,,,,,,,,,,,,,,
NC,"45,442","50,523","56,373","62,296","68,533","75,745","86,753","97,981","114,809","136,651","151,227","160,567","163,897","160,871","140,217","114,822","101,175","72,527","81,989","130,884","153,316","152,496","142,129","136,579","143,853","133,825","135,819","148,653","151,990","161,818","161,574","167,459","180,759","186,020","188,520","205,237","214,388","215,655","214,095","217,162","233,717","207,108","235,376","218,642","224,796","229,715","223,032","237,354","243,091","247,047","304,148","307,803","363,945","440,176","452,781","498,575","522,001","501,837",,,,,,,,,,,,,,,,,,,,,,,,,
ND,"26,431","28,319","30,961","32,283","33,390","32,437","31,800","31,858","33,053","32,682","32,717","33,577","36,473","32,428","35,459","36,826","41,177","37,650","39,067","29,236","22,848","34,445","28,370","26,126","30,154","28,096","25,471","24,827","28,615","30,152","32,490","39,789","36,612","39,988","42,882","45,418","49,084","56,460","49,545","56,423","56,533","60,819","66,726","60,907","59,986","53,050","53,336","59,453","63,096","54,564","66,394","72,462","72,741","81,594","86,881","97,723","102,323","109,353",,,,,,,,,,,,,,,,,,,,,,,,,
NE,"135,681","139,677","144,274","147,095","162,167","166,215","196,651","188,661","203,345","210,033","222,335","223,674","224,562","229,632","222,807","218,834","198,634","188,804","163,051","170,013","163,079","138,322","138,238","129,290","134,466","126,135","104,732","109,378","121,980","120,236","111,063","115,808","106,871","126,134","126,759","136,419","132,911","132,405","130,732","121,490","126,965","121,984","120,333","118,922","115,010","119,070","129,885","150,809","171,005","163,474","168,944","171,777","158,757","173,377","172,837","161,189","163,362","166,244",,,,,,,,,,,,,,,,,,,,,,,,,
NH,"2,852","3,018","3,315","3,596","3,813","4,084","4,160","4,460","4,170","5,774","6,729","7,582","7,936","8,056","8,333","7,631","7,840","7,617","8,145","8,365","9,474","10,220","10,078","9,655","10,531","10,629","10,291","11,970","13,009","13,944","14,274","14,127","16,852","16,918","19,719","19,918","19,082","21,018","19,127","20,313","24,950","23,398","24,901","54,147","61,172","70,484","62,549","62,132","71,178","59,951","60,378","69,979","72,031","54,028","57,018","68,682","57,957","52,183",,,,,,,,,,,,,,,,,,,,,,,,,
NJ,"139,258","153,806","174,210","188,249","200,109","209,757","227,271","251,482","268,495","304,835","322,853","326,768","321,288","301,566","275,050","244,102","321,535","247,120","228,843","260,579","339,825","390,121","375,660","405,387","418,220","379,230","353,466","421,399","414,279","470,926","446,443","497,297","624,395","643,952","687,256","696,965","700,502","716,938","679,635","715,651","605,298","564,923","598,602","612,890","620,806","602,388","547,206","618,965","614,908","620,789","654,458","660,743","652,060","682,246","773,221","745,789","762,958","706,576",,,,,,,,,,,,,,,,,,,,,,,,,
NM,"200,291","211,544","238,734","216,526","204,416","202,394","223,276","255,590","260,774","251,905","270,103","269,368","287,993","256,811","257,436","240,260","278,976","229,813","213,698","211,182","221,793","196,212","204,163","178,698","161,850","151,128","134,199","153,247","173,451","195,736","238,586","218,816","202,977","216,554","220,817","215,172","226,975","256,998","245,831","236,274","266,479","266,283","235,098","221,020","223,575","220,717","223,635","234,236","246,665","241,194","241,137","246,417","243,960","245,502","247,636","250,519","247,761","239,806",,,,,,,,,,,,,,,,,,,,,,,,,
NV,"12,447","15,864","17,528","19,292","23,928","27,679","34,218","35,035","37,029","44,140","52,558","66,511","69,522","73,072","63,438","61,251","66,797","71,052","64,506","84,433","58,454","73,182","46,627","41,926","42,256","39,200","33,790","41,333","48,225","63,667","64,876","66,061","78,782","84,653","101,401","108,908","122,484","131,935","148,565","154,721","189,207","176,835","176,595","185,846","214,984","227,148","249,608","254,406","264,596","275,468","259,252","249,971","273,501","272,964","253,290","300,002","304,181","294,897",,,,,,,,,,,,,,,,,,,,,,,,,
NY,"419,446","435,391","474,449","507,022","514,012","544,501","631,785","589,120","639,845","683,688","710,885","716,550","692,730","682,547","627,493","576,883","595,933","561,698","569,702","623,891","737,443","760,463","775,268","720,398","790,010","762,621","728,802","778,559","790,218","846,382","869,282","892,253","1,004,811","994,331","1,065,742","1,260,117","1,199,582","1,323,675","1,232,553","1,274,251","1,244,837","1,171,898","1,199,633","1,101,619","1,098,056","1,080,215","1,097,160","1,187,060","1,180,357","1,142,625","1,198,127","1,217,324","1,223,035","1,273,264","1,349,204","1,353,385","1,296,271","1,240,431",,,,,,,,,,,,,,,,,,,,,,,,,
OH,"700,313","721,214","758,097","798,973","825,420","880,340","944,667","962,821","987,841","1,031,963","1,052,933","1,087,126","1,147,804","1,104,156","1,086,651","956,876","1,005,927","847,497","929,593","898,029","896,983","870,341","813,519","747,268","785,297","733,116","716,778","714,929","805,308","814,123","746,720","765,640","810,158","833,921","841,690","890,121","933,104","897,842","811,414","842,003","891,003","804,244","830,959","848,388","825,753","825,961","742,360","806,350","792,246","740,925","784,293","823,546","842,959","912,403","1,002,346","966,493","928,492","948,753",,,,,,,,,,,,,,,,,,,,,,,,,
OK,"308,473","305,363","402,322","478,546","509,557","467,913","438,788","449,378","496,465","546,191","597,169","611,582","629,757","611,738","660,010","668,819","760,110","766,986","770,249","824,908","722,318","670,971","676,762","628,950","652,953","587,407","554,125","596,091","588,797","603,422","611,706","577,825","551,321","584,891","579,447","574,934","574,177","566,678","575,901","538,386","538,626","491,459","508,298","540,103","538,577","582,535","624,400","658,379","687,988","659,305","675,727","655,920","691,661","658,569","642,310","679,459","701,777","663,775",,,,,,,,,,,,,,,,,,,,,,,,,
OR,"30,861","33,827","37,865","43,350","53,984","56,065","65,093","69,877","79,226","87,854","95,284","100,897","110,360","107,961","98,051","109,898","92,500","72,521","86,140","93,707","78,703","75,562","70,824","67,045","78,642","83,002","70,972","80,250","87,163","108,029","109,215","124,181","122,865","136,740","147,049","146,263","180,972","185,251","229,407","235,013","224,893","229,665","202,164","212,556","234,997","232,562","222,608","251,927","268,484","248,864","239,324","199,419","215,830","240,418","220,089","234,635","235,911","247,415",,,,,,,,,,,,,,,,,,,,,,,,,
PA,"521,830","529,131","549,509","586,070","608,918","629,004","677,156","678,478","717,909","765,941","772,388","802,113","828,961","783,297","715,548","653,742","713,518","668,337","673,770","740,818","775,715","784,691","694,639","643,952","676,721","625,667","609,954","636,157","668,661","689,464","656,409","644,606","692,398","705,697","713,443","735,754","745,844","706,066","644,047","688,774","702,883","634,795","675,582","689,993","696,174","691,591","659,754","752,401","749,883","809,706","879,365","965,743","1,037,978","1,121,697","1,244,371","1,255,621","1,300,999","1,349,685",,,,,,,,,,,,,,,,,,,,,,,,,
RI,"11,839","12,780","13,794","14,725","15,465","16,349","16,684","18,493","20,704","22,555","25,093","25,662","22,494","20,559","23,781","23,129","20,697","25,631","23,042","27,219","27,630","29,202","27,874","29,044","31,690","29,874","26,354","35,930","30,787","33,937","39,350","75,964","115,830","74,472","108,935","100,903","119,989","117,707","130,766","118,006","88,427","95,607","87,805","78,456","72,609","80,764","77,204","87,972","89,256","92,744","94,110","100,455","95,475","85,537","88,885","93,885","85,977","92,080",,,,,,,,,,,,,,,,,,,,,,,,,
SC,"58,532","60,928","70,645","75,099","78,716","86,865","96,437","100,539","127,514","140,826","159,830","156,263","144,120","153,147","131,991","122,949","148,989","138,585","117,573","119,319","142,228","141,924","98,100","101,632","108,429","97,469","98,549","105,661","112,310","116,818","130,454","133,828","138,057","141,522","144,391","151,919","149,579","153,912","159,459","162,927","160,438","141,785","184,803","146,641","163,787","172,032","174,806","175,701","170,076","190,927","220,235","229,498","244,850","232,297","230,525","275,750","275,946","276,948",,,,,,,,,,,,,,,,,,,,,,,,,
SD,"24,533","25,820","27,413","25,159","27,639","26,965","28,256","27,735","28,815","33,826","36,319","31,832","34,077","31,221","32,076","32,534","39,207","36,097","35,423","25,724","24,078","22,056","25,089","23,326","24,592","25,202","23,293","21,087","24,227","25,505","25,055","26,260","26,645","31,311","30,980","34,296","36,913","36,152","33,043","35,794","37,940","37,077","41,577","43,882","41,679","42,555","40,739","53,938","65,257","66,185","72,563","73,605","70,237","81,985","80,614","79,099","80,513","80,730",,,,,,,,,,,,,,,,,,,,,,,,,
TN,"146,609","161,066","168,084","169,855","181,901","201,857","226,124","232,212","234,288","247,857","256,148","265,011","277,275","293,620","260,171","217,328","212,326","202,135","184,048","226,477","229,661","223,529","207,161","194,610","206,353","190,266","188,000","200,572","214,243","221,481","219,831","227,108","241,752","254,262","246,203","256,924","280,409","283,069","279,074","278,846","270,664","255,989","255,515","257,316","231,133","230,338","221,626","221,118","229,934","216,944","257,443","264,230","277,127","279,440","305,635","313,380","326,545","321,707",,,,,,,,,,,,,,,,,,,,,,,,,
TX,"2,720,273","2,736,225","2,859,481","2,935,803","2,943,361","3,067,942","3,263,914","3,485,246","3,696,396","3,877,376","4,093,357","4,364,728","4,412,636","4,621,378","4,463,488","3,944,377","3,975,307","4,143,023","4,211,432","4,001,355","4,091,099","3,926,687","3,394,404","3,241,515","3,432,624","3,385,715","3,185,509","3,303,281","3,531,008","3,743,850","3,728,685","3,687,744","3,612,967","3,818,255","3,746,454","3,893,480","4,132,299","4,116,310","4,205,530","4,009,774","4,421,871","4,273,372","4,323,451","4,071,289","3,929,754","3,522,508","3,454,960","3,538,074","3,564,353","3,402,867","3,589,086","3,707,881","3,863,669","4,034,401","3,938,498","4,123,656","4,030,158","3,881,644",,,,,,,,,,,,,,,,,,,,,,,,,
UT,"69,991","76,491","84,964","95,566","107,336","107,903","103,952","105,052","109,866","119,879","121,937","121,403","124,093","123,106","121,015","124,160","146,205","106,315","118,513","126,047","115,092","102,240","117,706","110,185","115,578","115,117","105,175","98,987","108,953","113,537","116,648","132,766","122,785","138,199","137,222","156,971","161,285","165,305","170,134","160,431","165,023","159,299","163,380","154,125","155,891","160,275","187,400","219,701","224,187","214,220","219,214","222,227","223,039","247,286","241,738","232,613","240,114","222,017",,,,,,,,,,,,,,,,,,,,,,,,,
VA,"66,117","70,564","77,183","83,003","89,025","95,650","121,638","115,887","121,928","128,748","136,523","144,014","155,658","152,848","143,650","121,320","123,509","118,020","134,144","134,088","158,479","151,737","150,964","142,944","143,581","139,458","141,023","158,897","163,529","173,726","184,342","181,112","212,901","238,480","252,029","275,783","260,424","248,981","260,347","276,811","268,791","237,853","258,202","262,969","277,433","299,746","274,175","319,913","299,364","319,136","375,420","373,444","410,106","418,507","419,706","500,478","543,344","566,713",,,,,,,,,,,,,,,,,,,,,,,,,
VT,0,0,0,0,0,0,898,"1,362","1,664","2,315","2,663","3,048","3,795","4,187","4,747","3,973","3,671","3,993","3,779","4,354","3,991","4,383","4,370","4,359","4,868","4,998","5,019","5,180","5,550","6,150","6,766","7,072","7,611","7,240","7,312","7,292","7,355","8,216","7,735","8,033","10,427","7,919","8,367","8,400","8,685","8,372","8,056","8,867","8,624","8,638","8,443","8,610","8,192","9,602","10,677","11,949","12,094","11,930",,,,,,,,,,,,,,,,,,,,,,,,,
WA,"64,934","70,343","81,431","86,834","105,789","108,108","116,879","127,230","139,421","144,521","149,992","156,663","170,448","197,861","182,723","164,334","148,781","142,657","127,280","158,515","128,770","124,942","108,653","107,193","126,287","134,599","118,361","131,745","146,779","162,779","162,734","174,001","174,994","221,424","252,811","254,302","273,779","256,349","290,246","287,322","286,676","312,114","233,716","249,599","262,485","264,754","263,395","272,613","298,140","310,426","285,727","264,588","264,540","318,292","306,674","307,735","301,418","325,253",,,,,,,,,,,,,,,,,,,,,,,,,
WI,"90,620","113,679","136,516","152,354","170,202","200,484","224,675","248,033","271,765","316,279","337,822","348,132","320,826","367,961","381,148","364,801","315,154","349,160","370,726","367,517","351,857","324,611","312,007","299,099","305,075","308,365","278,848","279,365","317,146","331,093","309,380","331,524","331,881","348,549","356,171","381,149","402,864","400,553","368,034","380,575","393,617","359,784","385,310","394,711","383,316","410,250","372,462","398,370","409,378","387,066","372,898","393,734","402,655","442,544","463,185","457,744","482,234","487,420",,,,,,,,,,,,,,,,,,,,,,,,,
WV,"150,294","162,600","153,823","154,646","163,543","164,436","171,478","151,078","183,003","169,841","181,278","178,380","199,141","186,316","182,370","158,435","150,723","144,535","151,839","148,538","143,047","148,527","130,029","115,813","124,368","117,168","112,572","115,208","122,139","129,459","120,453","110,739","129,264","135,442","145,768","148,743","154,841","159,502","142,872","139,977","147,871","141,090","146,456","126,986","122,267","117,136","113,085","115,973","111,479","109,652","113,179","115,360","129,753","142,082","165,341","174,165","171,824","187,324",,,,,,,,,,,,,,,,,,,,,,,,,
WY,"51,042","57,320","59,120","59,440","60,323","59,185","65,648","73,284","78,801","100,071","109,996","115,286","125,834","108,599","95,746","87,188","86,819","83,623","87,292","93,797","68,975","69,056","90,923","80,871","85,424","82,172","75,029","81,705","82,363","82,362","92,190","97,292","123,538","104,639","106,300","97,693","101,403","100,942","109,189","96,727","101,314","98,569","112,872","115,358","107,060","108,314","108,481","140,912","142,705","142,794","150,106","156,457","153,333","149,818","136,796","119,265","123,350","126,407",,,,,,,,,,,,,,,,,,,,,,,,,
US,"11,966,537","12,489,268","13,266,513","13,970,229","14,813,808","15,279,716","16,452,403","17,388,360","18,632,060","20,056,240","21,139,383","21,793,451","22,101,451","22,049,362","21,223,132","19,537,594","19,946,495","19,520,579","19,627,478","20,240,760","19,877,293","19,403,856","18,001,046","16,834,914","17,950,533","17,280,941","16,221,295","17,210,809","18,029,590","19,118,999","19,173,551","19,562,066","20,228,231","20,789,838","21,247,098","22,206,901","22,609,080","22,737,342","22,245,956","22,405,151","23,333,121","22,238,624","23,027,021","22,276,502","22,402,545","22,014,435","21,699,071","23,103,793","23,277,001","22,910,072","24,086,798","24,477,430","25,538,484","26,155,070","26,593,371","27,243,861","27,444,223","27,125,752",,,,,,,,,,,,,,,,,,,,,,,,,
